ADD_ID,BL_ID,PLACENAME,PLACENAME2,PLACENAME3,PLACENAME4,ABBREVIATEDPLACENAME,BUILDING_SHORTCODE,STATUS,ROT,ACCESSIBLE,POWER_DOOR,BL_CLASS,ENT_TYPE,LAT,LONG,GLOBALID
AD-148,212,Sing Tao Building,Sing Tao,School of Journalism,,,SOJ,Current,298.2,1,0,l2,,49.2678449212645,-123.257866783431,{13AD74B5-87DF-4922-A62E-003280C83918}
AD-40,621,Clement's Green,Clement's Green,,,,,Current,28.2,1,0,l3,,49.2580467700543,-123.246081360302,{7092FBA7-0498-46E0-B601-301EBE2E4195}
AD-159,312,MacLeod Building,MacLeod,Hector MacLeod Building,,,MCLD,Current,28.2,0,0,l2,,49.2614860710946,-123.249484899704,{96DCC98E-AC92-476F-83AB-032F5E65B668}
AD-27,586,Larkspur House,Larkspur House,Faculty Staff Housing Building F,,,,Current,28.2,1,0,l3,,49.253492829656,-123.234234734397,{91ED953B-0317-4FBF-AC77-7D5FDDCCF496}
AD-48,687,Granite Terrace,Granite Terrace,,,,,Current,208.2,1,0,l2,,49.2551178093534,-123.236444693615,{0CDB7EE2-EE9D-4A12-B832-CF4111CEE568}
AD-282,838,Vancouver School of Theology,VST,Somerville House,,,,Current,118.2,0,0,l3,,49.2701961653852,-123.251048854809,{FD5759D1-A190-4916-9516-FC64B1F71AC0}
AD-10,503,St. James,St. James,Hampton Place Lot 4,,,,Current,118.2,1,0,l3,,49.2579832660109,-123.237018271624,{A1D3C449-A00C-4609-87AD-E514F6B672C4}
AD-9,502,Thames Court,Thames Court,Hampton Place Lot 3,,,,Current,118.2,1,0,l3,,49.2574866496772,-123.236599104685,{F772B5ED-D3AE-4D1E-A005-B5037340A01B}
AD-220,536,Woodward Library,Woodward Library,,,,WLIB,Current,298.2,0,0,l1,,49.2647744653114,-123.247355328923,{D21627F7-D153-44A6-922D-2FC70FC74EA8}
AD-95,020,The Brimacombe Building,Brimacombe,<Null>,,,BRIM,Current,298.2,1,0,l2,,49.2619744921362,-123.24842266456,{F12A33F1-D866-4E47-8027-59C8F1031F4E}
AD-38,617,Gardenia House,Gardenia House,Faculty Staff Housing Building D,,,,Current,259,1,0,l3,,49.2589217692539,-123.248867956934,{DE8214FB-4CA0-4DD6-862C-7B8E5F933F9F}
AD-12,505,The Bristol,The Bristol,Hampton Place Lot 6 ,,,,Current,118.2,1,0,l3,,49.2585273970364,-123.23470403481,{42597016-6E30-49D9-AC84-19BE7BF726C2}
AD-14,506-1,The Stratford,The Stratford,Hampton Place Lot 7-1 ,,,,Current,67.4,1,0,l3,,49.2595101914765,-123.233531269209,{A954484B-C49B-4A02-B4AC-5F3938323253}
AD-294,865-3,Ponderosa Office Annex C,Ponderosa C,,,,PONC,Current,208.2,0,0,l2,,49.2649475648255,-123.256267073311,{AF38F36C-8476-41D7-AE8A-C199C2EA8BA9}
AD-18,534,TRIUMF House,TRIUMF House,TRIUMF Visitor's Residence,,,,Current,208.2,1,0,l3,,49.2620783445131,-123.241092429896,{6AD151C2-9FA1-4586-8D72-31FE296FFA39}
AD-60,706,Ultima,Ultima,,,,,Current,208.2,1,0,l3,,49.252701636209,-123.234108645234,{C5E227A7-BFBF-439D-8C04-12C8B2303446}
AD-8,501,West Hampstead,West Hampstead,Hampton Place Lot 2,,,,Current,208.2,1,0,l3,,49.2577972092495,-123.23526863609,{9F57A0DC-201D-4335-9FDC-F933B9994F6A}
AD-169,372,FP Innovations Wood Products,FP Innovations,Forintek,,,,Current,208.2,1,0,l2,,49.2569483941336,-123.244104297512,{A1DB08DC-9D5C-48E1-84B3-8CE5B7E87F2E}
AD-207,511,Engineering High Head Room Laboratory,High Head Lab,<Null>,,,,Current,208.2,1,0,l2,,49.2635678407181,-123.248903071336,{CE03F206-8031-40DC-B852-BE73F3B3328F}
AD-200,472,International House,International House,I- House,,I House,,Current,208.2,0,0,l2,,49.2678731972025,-123.258827300654,{F6316F47-898A-4F9E-98A9-F80E02028FA3}
AD-73,808,Esse,Esse,,,,,Current,102.1,1,0,l3,,49.2709848075572,-123.248242739626,{3B066C15-574B-4E09-BECB-41B261613FF4}
AD-281,836,Iona Building,Iona Building,,,,,Current,298.2,0,0,l2,,49.2710678747188,-123.250388818554,{8B62AE9A-5376-4449-9EA9-B3042E263FFC}
AD-165,337,First Nations Longhouse,Longhouse,House of Learning,,,FNLH,Current,90.2,1,1,l1,,49.265529337215,-123.257204366206,{9EA6B9CB-FCC3-4A31-B9D7-A2C3DEC0B186}
AD-77,825,Folio,Folio,,,,,Current,118.2,1,0,l3,,49.2718242339318,-123.249619213242,{978CEBF1-9BA3-401F-A0E4-13B67C7C9B63}
AD-225,562,Frank Forward Building,Frank Forward,,,,FORW,Current,298.2,1,0,l2,,49.2617717988108,-123.251760711513,{0FAF2318-400C-46AA-B9C7-C9A5B71F8421}
AD-109,052,Fraser River Parkade,Fraser River Parkade,,,,,Current,298.2,1,0,parkade,,49.266280269011,-123.258367660774,{D5E752F9-5411-4DCB-A8FF-439EF20EC822}
AD-219,529,Life Sciences Centre,Life Sciences ,<Null>,<Null>,,LSC,Current,28.2,1,1,l1,,49.2624228856974,-123.24595044235,{FFC94019-D9E7-4B3B-8692-A93395EEC4BA}
AD-175,386,HR MacMillan Building,MacMillan,Faculty of Land and Food Systems,<Null>,,MCML,Current,208.2,1,1,l1,,49.2608721251896,-123.250816724327,{1FD488AA-DE18-43DA-AA8C-E5DC576EF8D7}
AD-3,154,Sumac House,Sumac House,Faculty Staff Housing Building C,,,,Current,298.2,1,0,l3,,49.2586475664026,-123.249820611973,{A21FEA8E-5DF3-4B9F-B09B-A786DD5CE10F}
AD-817,007-26,Fairview Crescent Residence,Fairview Crescent Residence,,,,,Current,298.2,1,,l3,,49.2631730951561,-123.240938313105,{90981238-4A0D-4D9E-AF59-4886B76922D8}
AD-176,394,Gas Gun Facility,Gas Gun Facility,,,,,Current,298.2,1,0,l2,,49.2560873873758,-123.246102169083,{57FB3D6B-9839-499E-BAC0-EE5757563300}
AD-241,625,George Cunningham Building ,Cunningham,<Null>,,,CUNN,Current,298.2,0,0,l2,,49.26477800326,-123.249088283997,{0CB99217-0D6E-4713-94FE-85B991EEC67E}
AD-100,024-5,Lower Mall Header House,Header House,,,,,Current,298.2,1,1,l2,,49.2605858382125,-123.254966894445,{1B43B5DC-B057-475E-8659-E82A17E109D7}
AD-199,467,Health Sciences Parkade,Health Sciences Parkade,,,,,Current,118.2,1,0,parkade,,49.263026734782,-123.24742409684,{4EF3DF27-B416-46FC-A0D1-9EA77D4D8ED3}
AD-251,656,Hebb Building,Hebb,,,,HEBB,Current,298.2,1,0,l2,,49.2661695505724,-123.251823590852,{66BD81FA-13F4-4928-8D50-CA37C8986829}
AD-97,022,Lower Mall Research Station,LMRS,,,,,Current,298.2,1,0,l2,,49.2607453053023,-123.255808549207,{54EBA6FE-9FBA-4D10-99A5-3131232B8C8D}
AD-130,164,Hugh Dempster Pavilion,Hugh Dempster,,,,DMP,Current,28.2,1,0,l2,,49.2611778828524,-123.248120360082,{7E2B3E7F-402E-479E-97FC-675BB3D3A263}
AD-34,713-1,Magnolia House,Magnolia House,,,,,Current,200.1,1,0,l3,,49.251703142436,-123.233476776159,{86CD0DE1-5617-4852-A3AF-AC36064D76B3}
,789,Main Substation,Substation,,,,,Current,118.2,1,0,l4,,49.261223399163,-123.244255291843,{90CBA0C9-D2B4-4C5E-BD86-3EE5B4B628EF}
AD-45,630,Legacy,Legacy,,,,,Current,118.2,1,0,l3,,49.25733634939,-123.247765465603,{71FBF753-D0BB-4C81-B73E-666377E3DF58}
AD-135,198,JB Macdonald Building,Macdonald,Dentistry Building,,,MCDN,Current,208.2,1,1,l2,,49.2653335926507,-123.245129258333,{23C03BB9-DA94-4DCB-AED5-69F52BE3149F}
AD-258,750,Jack Bell Building for the School of Social Work,Jack Bell,<Null>,,,SOWK,Current,63.2,1,1,l2,,49.2643239342278,-123.255036274432,{83CF8DBA-EFAD-4C48-B623-7672BB6EB08B}
AD-92,013,Kids Club,Kids Club,,,,,Current,28.2,1,0,l3,,49.2617090872011,-123.234914373587,{A06D7267-9F20-495F-9FFA-D9FB0F9E1509}
AD-211,518,Mathematics Building,Math,,,,MATH,Current,208.2,0,0,l2,,49.2665065611012,-123.255417307889,{0B64A651-5AA9-4572-AD3B-A0A8906E5637}
AD-133,182,Ladner Clock Tower,Clock Tower,,,,,Current,238.2,1,0,l3,,49.2673666491576,-123.253650025373,{04226078-8C72-455C-9CEE-A57BB3F0DB20}
AD-301,900,West Parkade,West Parkade,,,,PARW,Current,298.2,1,0,parkade,,49.2628943630006,-123.255613518597,{BE35E51B-B716-4202-8B7C-85DEBDAE5039}
AD-44,629,Tamarack House,Tamarack House,Faculty Staff Housing Building E,,,,Current,298.2,1,0,l3,,49.2597217092638,-123.246458709365,{9524C758-F83F-4409-8F65-63D83C04035E}
AD-23,555,Vista Point,Vista Point,,,,,Current,298.2,1,0,l3,,49.2617973977458,-123.240399130712,{6C8D6CCD-DD14-4EB6-9FEA-0B55DC401664}
AD-300,873,Ponderosa Office Annex G,Ponderosa G,,,,PONG,Current,298.2,0,0,l2,,49.2646036361197,-123.256327203433,{70A8D1AB-73D9-4072-AC5E-24C80A39EDCC}
AD-118,083,Michael Smith Laboratories,Michael Smith Labs,<Null>,,,MSB,Current,178.2,1,0,l2,,49.2644971935253,-123.249844357986,{C22DA29E-0E32-45D0-8E68-410055D825D6}
AD-166,344,Leon and Thea Koerner University Centre,University Centre,,<Null>,University Center,UCLL,Current,28.2,0,0,attraction,,49.2687187294653,-123.257050913591,{B0504E93-8116-4D45-B1D7-321239AE16B2}
AD-105,863-2,Auditorium Annex Offices B,Auditorium Annex B,,,,,Current,208.2,1,0,l2,,49.2664859168513,-123.256665214264,{E5D97ED4-C7B6-4964-8618-7B4FFF0543CC}
AD-163,320,Dorothy Somerset Studios,Somerset Studios,Hut M-18,<Null>,,DSOM,Current,28.2,0,0,attraction,,49.2646902374931,-123.254726734954,{1771A9CC-A599-41D0-A35B-6A627E13BB75}
AD-111,064,Biological Sciences Building,BioSciences,BioSciences West wing,<Null>,,BIOL,Current,298.2,1,1,l2,,49.2645584862509,-123.252026130463,{659B7BF9-A6FB-41B2-9725-80E10A9E308E}
AD-247,643,Campus & Community Planning,C&CP,<Null>,,C&CP1,C&CP1,Current,298.2,1,0,l2,,49.2624347958004,-123.253285618175,{991153FE-E1C2-4F25-A3FF-2AF1F8DE032D}
AD-79,830,Chancellor House,Chancellor House,,,,,Current,118.2,1,0,l3,,49.2713673253168,-123.251326310659,{18EACCEE-9178-4E2A-8DEC-75C2BC8FA082}
AD-239,612,MT Innovations,MT Innovations,,,,,Current,10.1,1,0,l2,,49.2501086703984,-123.231066584554,{28C36D3E-4F06-42BD-9436-59F813A0C46E}
AD-198,465,Djavad Mowafaghian Centre for Brain Health,CBH,<Null>,<Null>,CBH,CBH,Current,298.2,1,1,l1,,49.2644229911812,-123.244798647941,{D72585C1-511D-4183-9388-D0847AF780AC}
AD-20,550,Sitka,Sitka,,,,,Current,298.2,1,,l3,,49.2630370544495,-123.241907663182,{808217A7-52B5-454D-B144-09D61AA023BC}
AD-323,199,Nobel Biocare Oral Health Centre,Oral Health Centre,Faculty of Dentistry,<Null>,,,Current,298.2,1,1,l1,,49.2658850251845,-123.245557579307,{8AF3232B-5A90-469F-8025-4FA6CA8E47CB}
AD-149,213,New Aquatic Centre,New Aquatic Centre,,,,,Future,28.2,1,1,l1,,49.2673311016929,-123.248857902492,{7986BEE5-C9EA-426A-8AF1-C96769EA1EDD}
AD-290,863-1,West Mall Annex,West Mall Annex,,,,WMAX,Current,208.2,0,0,l2,,49.2662721775101,-123.257092690629,{0724449F-3AE8-4CD9-A4BB-06C41F3F7389}
AD-302,901,West Mall Swing Space Building,Swing Space,<Null>,,,SWNG,Current,208.2,1,1,l2,,49.2628992946085,-123.254319117281,{CFF4897E-3A97-48F0-A8F1-F53BF201BB22}
AD-246,641,University Services Building,USB,Campus Mail,,USB,,Current,208.2,1,0,l2,,49.2616924273945,-123.253872605078,{CBB8582D-7737-43D2-A991-BED498B032BB}
AD-291,864,Wesbrook Building,Wesbrook Building,,,,WESB,Current,338.2,0,0,l2,,49.265372259453,-123.249558506573,{6D795185-2E24-43BD-9182-5A3F5470F3D9}
AD-57,697,Wesbrook Community Centre,Wesbrook Community Centre,<Null>,,,,Current,185.4,1,0,l1,,49.253920273225,-123.237298228799,{BC538F7A-6D90-4710-9425-2FF3A3A97BE5}
AD-150,225,Earth Sciences Building,ESB,Science Dean office,,ESB,ESB,Current,208.2,1,0,l1,,49.2631960703263,-123.251951706376,{C226FB21-390C-4FB3-9B76-7BD7C082FEF1}
AD-235,593-1,Tapestry,Tapestry,Tapestry North,,,,Current,28.2,1,0,l2,,49.2546099579656,-123.235148301391,{5C434719-BCF9-4090-9061-39F6756FF755}
AD-212,519,Mathematics Annex,Math Annex,,,,MATX,Current,298.2,0,0,l2,,49.2661637875117,-123.254907037636,{7EFEF4DA-01C2-4279-8A2A-F8B1719A5218}
AD-299,871-3,Ponderosa Office Annex F,Ponderosa F,,,,PONF,Current,118.2,1,0,l2,,49.2649698284641,-123.257003510552,{D320656C-04CB-44EA-91D2-16DCB18696A2}
AD-293,865-2,Ponderosa Office Annex B,Ponderosa B,,,,PONB,Current,208.2,1,0,l2,,49.2650128806127,-123.25601805887,{1BFF2E23-4BCC-4F3E-BEEF-26E73F5AFB30}
AD-215,523-2,Friedman Building,Friedman,,,,FRDM,Current,298.2,1,1,l2,,49.2655742801183,-123.245942458343,{DC7310E2-8835-4116-B06E-5AE36564EDB1}
AD-177,401,Geography Building,Geography,,,,GEOG,Current,28.2,0,0,l2,,49.2657913839877,-123.256224211922,{C29EB0EA-72F9-4D41-8FF4-CAEFD3EC8CC8}
AD-206,496,Liu Institute for Global Issues,Liu Institute,,,,,Current,208.2,1,1,l2,,49.2676269477015,-123.259103114589,{EB5E47C4-6F37-4B16-9776-444FAA0A4CD7}
AD-194,458,Donald Rix Building,Donald Rix,,,,,Current,208.2,1,0,l2,,49.2622001447733,-123.246378756483,{73C6C8B9-69B4-4E73-BDA4-549A5849E976}
AD-128,155,Child Care Services Administration Building,Child Care Admin Building,Child Care Main Building,CCS Admin,,CHSC,Current,253.2,1,0,l3,,49.2611392570278,-123.234221508132,{4DA53E6F-29FC-4B6E-AA63-2F3BA9B828BE}
AD-126,137,In-Vessel Composting Facility,Composting Facility,,,,,Current,9.5,1,0,l2,,49.2449216709867,-123.228102514909,{CF4373B4-D4BB-4F74-AD1D-6885DB18389F}
AD-240,614,Mary Bollert Hall,Bollert Hall,,,,,Current,88.2,0,1,l2,,49.2705423460572,-123.256273342412,{D01C3F0C-9815-434F-9A11-2291333A1702}
AD-101,028,Frederic Lasserre Building,Lasserre,,,,LASR,Current,208.2,1,0,l2,,49.2676711505183,-123.25567878186,{39F862D8-E28F-4FE5-8821-BA1736969B11}
AD-162,316,Aquatic Ecosystems Research Laboratory,AERL,<Null>,,AERL,AERL,Current,118.2,1,1,l2,,49.2635575642009,-123.251267904512,{D19C01ED-E1F3-4296-805F-B28A1FFFE0BD}
AD-74,810,Argyll House East,Argyll House East,,,,,Current,28.2,1,0,l3,,49.2713453162707,-123.249728056459,{490C22B3-0A5C-4D98-BFFC-98EC9A946C3F}
AD-80,837,Argyll House West,Argyll House West,,,,,Current,208.2,1,0,l3,,49.2709173476005,-123.251222397033,{92453291-87F4-4E8B-824C-202E4A3FC33D}
AD-155,306,Civil and Mechanical Engineering Building,CEME,,,CEME,CEME,Current,298.2,1,0,l2,,49.2626867312951,-123.249234823205,{232D535B-3820-42D8-B624-382D8A637F52}
AD-106,046,Asian Centre,Asian Centre,<Null>,,,ACEN,Current,208.2,1,0,l1,,49.2668379911829,-123.258464944285,{B57FFB59-2898-4408-9252-8DA534277154}
AD-105,045,Auditorium Annex Offices A,Auditorium Annex A,,,,AUDX,Current,298.2,1,0,l2,,49.2667199578653,-123.256870441768,{29258936-7325-4B07-A4BB-16868D82D205}
AD-76,819,Axis ,Axis ,,,<Null>,,Current,298.2,1,0,l3,,49.2701120317234,-123.252359745266,{E721ADD4-2396-400F-B826-DCCF8F88D082}
AD-6,451,Sopron House,Sopron House,,,,,Current,208.2,1,0,l3,,49.2621977245581,-123.235289658205,{D802F460-2929-4D90-9574-8B079FC04988}
AD-183,430,Robert F. Osborne Centre,Osborne Centre,Osborne Gym,Unit 1,Osborne,OSBO,Current,208.2,1,0,l2,,49.2603815412144,-123.243456513838,{57704079-27FB-47C9-94E3-64447AC0632C}
AD-69,771,Point Grey Apartments ,Point Grey Apartments ,Osoyoos Housing,,,,Current,208.2,1,1,l3,,49.2599823239796,-123.237929322396,{A3259F0C-6663-4E0A-ACE5-3E9EBDB90189}
AD-41,623,Reflections,Reflections,,,,,Current,208.2,1,0,l3,,49.2582726826302,-123.246859232891,{69C7A94D-880F-4772-8E37-CF3DF017E20E}
AD-58,699,Pacific,Pacific,,,,,Current,208.2,1,0,l3,,49.2532566908462,-123.234520098464,{0AFE55E3-8310-4581-9A41-FDD6AEC8CCE5}
,575,Music Building,Music,Roy Barnett Recital Hall,,,MUSC,Current,28.2,1,1,attraction,,49.2672658927452,-123.256589807505,{8EB1863C-5696-4C69-A735-11CCA7026D2A}
AD-39,619,Journey,Journey,,,,,Current,28.2,1,0,l3,,49.2580207962453,-123.247497630695,{B63C7B31-11A8-4411-BF35-802BC44D43CC}
AD-2,153,Cascara House,Cascara House,Faculty Staff Housing Building B,,,,Current,28.2,1,0,l3,,49.2582478073462,-123.250140546789,{71CD147B-561A-485A-AD78-3F6F6D2AE566}
AD-164,324,B.C. Binning Studios,Binning Studios,Hut M-17,<Null>,,BINN,Current,208.2,1,1,l2,,49.2646630248797,-123.254799481498,{263C0B63-D8BA-493A-B81A-5E2EC620DC6F}
AD-156,307,Civil and Mechanical Engineering Labs,CEME Labs,Rusty Hut,<Null>,,CEME,Current,298.2,1,0,l2,,49.263165146547,-123.249621024853,{1CBB2DC0-A8E9-407D-B19C-31BEBC1C15CF}
AD-181,421,Cecil Green Park Coach House,Coach House,,,,,Current,359,0,0,l2,,49.2710008839976,-123.258575860996,{73BC5C9F-ACD2-4581-8D7C-39371684DD25}
AD-288,858,Berwick Memorial Centre,Berwick,,,,,Current,198.2,1,0,l3,,49.2609064462665,-123.238823896068,{1347BD24-FB32-4487-9B24-424F20CDAA53}
AD-151,232,Neville Scarfe Building ,Scarfe,Faculty of Education,<Null>,,SCRF,Current,208.2,1,0,l1,,49.2640909064442,-123.253003010553,{4CC70758-8146-4E41-979D-1680C94F92C2}
AD-250,654,Abdul Ladha Science Student Centre,Abdul Ladha,<Null>,,,,Current,208.2,1,1,l2,,49.2660619629014,-123.251253592595,{57967DA8-A5B2-4D1D-B067-69C9E238A261}
AD-195,461,Biomedical Research Centre,Biomedical,Biomedical Building,<Null>,,,Current,28.2,1,0,l2,,49.2640141707042,-123.247380193259,{ED6D4BD4-2341-4A4F-9590-C8EC207CC919}
AD-125,132,Chemistry Building,Chemistry,Chemistry Block D Centre Wing,,Chem,CHEM,Current,28.2,0,1,l2,,49.2658864470959,-123.253120242511,{520774B4-DF6E-43DC-81F7-A700A53C875E}
AD-319,353,Centre for Advanced Wood Processing,CAWP,<Null>,<Null>,CAWP,,Current,85.2,1,0,l1,,49.260477991967,-123.24742899768,{384136D1-F9A8-435E-A2CE-462666BE015E}
AD-1,152,Azalea House,Azalea House,Faculty Staff Housing Building A ,,,,Current,28.2,1,0,l3,,49.2578253695003,-123.249826475334,{F999D310-F76D-4E55-BECF-14DFCA87893E}
AD-252,668,Totem Field Studios,Totem Field Studios,,,,TFS,Current,28.2,1,0,l2,,49.2561125512827,-123.249093353281,{00048318-A399-4F88-AD76-1B8959246D1C}
AD-15,507,The Regency,The Regency,Hampton Place Lot 8 ,,,,Current,28.2,1,0,l3,,49.2590506693834,-123.233076601966,{9923BCD1-9495-41C2-9F6B-BBBE65C55093}
AD-286,852,RCMP +  Fire,Public Safety Building,Police and Fire Department,<Null>,RCMP,,Current,118.2,1,0,l3,,49.2586997059049,-123.238242399156,{98474FEE-E84F-4545-A221-0F91A848B0D3}
AD-46,687,Save-On-Foods ,Save-On-Foods ,,,,,Current,118.2,1,0,l2,,49.2547658575459,-123.236554112568,{70477644-8CDB-4F50-BDBD-AAF99AAF204E}
AD-134,184,Coal and Mineral Processing Lab,Coal Lab,Keevil Institute of Mining Engineering,<Null>,,MINL,Current,298.2,1,0,l2,,49.2612324640732,-123.251797976625,{A9FA359B-F354-45BE-9E15-D79C73F1D1D0}
AD-209,515,Walter C. Koerner library,Koerner Library,<Null>,,,,Current,208.20000001,1,1,l1,,49.2667452588834,-123.254901666229,{56AE3480-940B-428D-95D2-7CF6BD8A3211}
AD-161,314,Beaty Biodiversity Centre,Beaty,Beaty Biodiversity Museum,<Null>,,,Current,298.2,1,0,attraction,,49.2631993483196,-123.250751705119,{34F6A841-F6D1-4F60-BBFC-0DD3D3477341}
AD-0,114,Tallwood House,Tallwood House,Brock Commons I,,,,Future,298.2,1,1,l2,,49.2695407354611,-123.251466458219,{8065DF14-102A-48CA-8F91-CD4FF28CBD9D}
AD-122,120,Buchanan Tower,Buchanan Tower,,,,BUTO,Current,208.2,0,0,l2,,49.268640275859,-123.253245531606,{A9652E66-DCC3-4B1A-A046-9D252390ECA5}
AD-72,807,Carey Centre,Carey Centre,,,,,Current,28.2,1,0,l2,,49.2714340821304,-123.249011877724,{E6B3D1D6-4A40-4888-AB91-25EEB2278D1D}
AD-322,824,Chancellor Hall,Chancellor Hall,,,,,Current,118.2,1,0,l3,,49.2716624162849,-123.250296675857,{6E0C28B1-FAAC-4064-801C-51D5C5B8A013}
AD-107,048,Anthropology and Sociology Building,ANSOC,<Null>,<Null>,ANSOC,ANSO,Current,118.2,1,0,l2,,49.2701202694711,-123.257535946189,{2D0ECE84-5380-42D7-AF33-FEDF2C8EE84B}
AD-102,034,Aquatic Centre,Aquatic Centre,Swimming Pool,<Null>,,,Current,28.2,1,0,attraction,,49.2666037115211,-123.249425074323,{FE9CEBC7-8512-452C-B31D-C07AB680907B}
AD-66,713-1,Nobel House,Nobel House,,,,,Current,193,1,0,l3,,49.2508742937575,-123.233009797855,{53E47DAD-166A-40EE-9705-382948663270}
AD-256,732,Douglas Kenny Building,Kenny,Psychology,<Null>,,KENN,Current,28.2,1,1,l2,,49.2634159036335,-123.254227471949,{9B57D642-EF9D-48E5-8BE5-A15220737F3B}
AD-189,449,Food  Nutrition and Health Building,FNH,,<Null>,FNH,FNH,Current,208.2,1,0,l2,,49.2641132861759,-123.249571999446,{0E033EDB-3E7E-47FF-BFAF-8640F9EF1B1F}
,435,National Soccer Development Centre,Soccer,,,,,Future,28.2,1,1,l2,,49.2568612385314,-123.240137699389,{F469BA17-CEC4-435F-854F-43CF6897E5D9}
AD-275,817-4,St. Andrew's Hall,St. Andrew's Hall,St. Andrew's Residence,,,,Current,118.2,1,0,l3,,49.2703746082911,-123.251658945459,{55062232-435E-44DC-BD38-53B6618AF7E2}
AD-54,694,MBA House,MBA House,,,,,Current,208.2,1,0,l2,,49.2539482559776,-123.235018486266,{48E210E1-EE0C-4D21-BA40-38217FFA7B8A}
AD-129,160,Continuing Studies Building,Continuing Studies,English Language Institute,,ELI,,Current,208.2,1,0,l1,,49.2634939783316,-123.254774365481,{03192118-3179-4E44-8F87-DA3CAD906DD1}
AD-321,839,Corus,Corus,,,,,Current,118.2,1,0,l3,,49.2705535341265,-123.249373177333,{F6C2E784-CDB8-472E-BF51-968C743FC0A9}
AD-37,605,Crescent West,Crescent West,,,,,Current,106.6,1,0,l3,,49.252869349162,-123.233024970387,{5653C9F3-1F57-45EA-B20D-83907B049FEC}
AD-214,523-1,D.H. Copp Building,Copp,,,COPP,COPP,Current,118.2,1,1,l2,,49.2654878917352,-123.247454965557,{860BB2F4-5E97-423B-A944-597C2E92024E}
AD-65,713,Dahlia House,Dahlia House,,,,,Current,203.8,1,0,l3,,49.2520646443027,-123.233682061671,{F60B74A4-9052-4605-BB23-934C0C78C0D2}
AD-62,711,Prodigy,Prodigy,Prodigy 1,,,,Current,261.1,1,0,l3,,49.2517047694764,-123.235902182274,{B1B33E84-A796-433C-AE76-71CB5815C035}
AD-136,199,David Strangway Building,Strangway,,,,,Current,283.2,1,0,l1,,49.2659877194176,-123.246055477663,{C8423648-6D60-4C4D-8D61-122CC2765591}
AD-67,728,Norman MacKenzie House,Norman MacKenzie House,President's Residence,<Null>,President Residence,,Current,134.6,1,1,l2,,49.2675774264772,-123.261154723424,{C2427D6B-7F63-4188-BF40-ABAE24C7A954}
AD-173,380,Old Fire Hall,Old Fire Hall,,,,,Current,298.2,0,0,l2,,49.2650993007235,-123.255599816551,{84B7406F-6155-4ACD-8FBB-6B22AF046B4C}
AD-257,747,Pulp and Paper Centre,Pulp and Paper Centre,,,,,Current,208.2,1,0,l2,,49.2615440214889,-123.247305619622,{A332D594-5055-47F7-AD6D-C950F28D20BD}
AD-278,822-1,St. John's College,St. John's College,Saint John's,,,,Current,208.2,1,1,l3,,49.2629844179679,-123.256549702841,{F4533D0D-7ADF-4B1A-B194-27C18FCD1F1B}
AD-78,828,St. Mark's College,St Mark's College,<Null>,,,,Current,134.3,1,0,l2,,49.272490964783,-123.249162393019,{94908F3E-A04D-4B4D-AA3E-0455D7E8D74E}
AD-88,918,Panhellenic House,Panhellenic House,Sorority House,<Null>,,,Current,28.2,1,0,l3,,49.2600820006446,-123.239666841759,{A1815E74-4032-4993-BF2A-4213C72E13D2}
AD-42,626,Promontory,Promontory,,,,,Current,28.2,1,0,l3,,49.2558977106503,-123.247881489506,{1A25CDCE-535A-4CF2-BE74-771623034601}
AD-192,450-3,Acadia House,Acadia House,,,,,Current,28.2,1,0,l3,,49.262923641148,-123.235851327828,{8621566A-A6A6-4BB4-AF57-D1352C96CEF9}
AD-253,669,Stores Road Annex,Stores Annex,,,,,Current,298.2,1,0,l2,,49.2617342902678,-123.252400709341,{B99137AA-53EE-4508-BA0B-2DA8F94623FC}
AD-19,544,Place Vanier Residence  ,Place Vanier Residence  ,Gordon Shrum Commons Block,<Null>,,,Current,298.2,1,1,l3,,49.264880046436,-123.258821668946,{C8842514-D602-46CF-B678-7DECC5CEE385}
AD-268,774,Student Recreation Centre,SRC,<Null>,<Null>,REC,SRC,Current,298.2,1,1,attraction,,49.268290276382,-123.249390152885,{C3FC92BB-9377-4C1F-9106-0480665F4BE8}
AD-255,724,Power House,Power House,,,,,Current,118.2,0,0,l2,,49.2651480018886,-123.254600348192,{55BF4176-380B-49DB-8985-7DF20D3618A5}
AD-271,790,Student Union Building ,Old SUB,,<Null>,SUB,,Current,298.2,1,1,l1,,49.2676075390605,-123.250434848421,{8528597F-89C8-49AE-A3CC-EBB4873003A4}
AD-266,770-2,Spirit Park Apartments,Spirit Park Apartments,,,,,Current,198.2,1,0,l3,,49.2615003895287,-123.239346958049,{BE1F53CC-3D47-41C4-9DE8-DF9E5A7F2093}
AD-218,528,Rose Garden Parkade,Rose Garden Parkade,,,,,Current,298.2,1,0,parkade,,49.269543908438,-123.256696909225,{35A38B07-5442-47CC-A2A7-DD91F0FA8DA1}
AD-259,760,Rugby Pavilion,Rugby,,,,,Current,28.2,1,0,l2,,49.2585807404981,-123.244106424538,{AC501532-E7FA-43F7-BEFD-A68B9A9BA078}
AD-7,500,Sandringham,Sandringham,Hampton Place Lot 1,,,,Current,137.9,1,0,l3,,49.2582820353763,-123.233502663618,{37D09150-FF1B-4246-85E9-F175741D9990}
AD-208,513,School of Population & Public Health,SPPH,,,SPPH,SPPH,Current,28.2,1,1,l2,,49.2640539025869,-123.24862483158,{30840B64-304E-4467-BE95-E5B6FD366824}
AD-184,433,UBC Tennis Centre,Tennis Centre,<Null>,<Null>,,,Current,298.2,1,0,attraction,,49.2596045656954,-123.243641611801,{CB9ED6BE-6DAA-4F99-834D-970804A1B7DE}
AD-152,300,Chemical & Biological Engineering Building,ChemBio Engineering,<Null>,<Null>,CHBE,CHBE,Current,28.2,1,1,l2,,49.2622862031317,-123.24729654074,{9362DEB5-E844-4AE8-A7C8-1EEFD71F1836}
AD-153,301,Wayne and William White Engineering Design Centre,EDC,<Null>,<Null>,EDC,,Current,208.2,0,0,l2,,49.2623183813789,-123.247972825242,{461E2A3A-46A7-4B6A-AA64-1A621FDC74C9}
AD-146,206,Child Care Services,Child Care Services,Child Care Services Building 4,CCS4,,,Current,54.3,1,0,l3,,49.2601115015225,-123.234720810041,{3AC47474-37D6-46E5-B66D-6542D9131D31}
AD-127,138,Environmental Services Facility ,Environmental Services Facility ,,,,,Current,322.6,1,0,l2,,49.243453949138,-123.228766339096,{F45E9E6F-257B-4CEC-A83D-8FD8B87621BD}
AD-89,921,Fraternity Village ,Fraternity Village ,,,,,Current,28.2,1,0,l3,,49.2597243989199,-123.239424030242,{C850BAEB-3503-44C2-AD8B-726048A3463C}
,554-1-7,Greenwood Commons ,Greenwood Commons ,,,,,Current,14.9,1,0,l3,,49.260794833937,-123.239838565193,{12766FC0-29BA-4454-8380-1FCA0F2F2DCA}
AD-544,616,Westchester,Westchester,,,,,Current,118.2,1,0,l3,,49.2568842501816,-123.249046551991,{05AA8712-06C5-47E0-A850-2EA46691343D}
AD-56,695,Yu,Yu,,,,,Current,118.2,1,0,l3,,49.2535054323288,-123.235833012885,{FC9E874C-1177-4989-8CF6-193B3F147244}
AD-295,868,Doug Mitchell Thunderbird Sports Centre,Doug Mitchell Centre,Thunderbird Sports Centre,,,,Current,208.2,1,1,attraction,,49.2605338498454,-123.241335133635,{A24298AA-52C2-4181-832F-43774BA7E4CA}
AD-33,596,Academy,Academy,,,,,Current,298.2,1,0,l3,,49.255705610784,-123.233144372243,{A423790D-A388-47CB-A13A-FA69D212AB44}
AD-123,121-3,Buchanan Building,Buchanan,Buchanan A,Faculty of Arts,,BUCH,Current,28.2,1,1,l1,,49.2682620277982,-123.255056930014,{54099C94-0E9B-46AE-B9CB-C44309377C22}
AD-158,310,Engineering Student Centre,ESC,Engineering Undergraduate Society,Cheese,EUS,,Current,118.2,1,1,l3,,49.2620833359541,-123.249106636478,{4CB76D06-A708-4ADE-A141-615029670FC6}
AD-222,539,Ambulance Station,Ambulance,,,,,Current,208.2,1,0,l2,,49.2632640132859,-123.243553305597,{BD4DDD6C-93BA-460B-930D-C65D54347CAC}
AD-160,313,Fred Kaiser Building,Fred Kaiser,Faculty of Applied Science,<Null>,,KAIS,Current,28.2,1,0,l1,,49.2621353124352,-123.25017518203,{8E7F6191-71EE-4B0F-82EE-32BDE6697B26}
AD-152,300,Clean Energy Research Centre,CERC,,,CERC,,Current,28.2,1,0,l2,,49.262500853705,-123.247660043088,{00994F87-A2AA-4479-9663-67AE6738ED57}
AD-113,077-1,Botanical Garden Greenhouses,Greenhouses,,,,,Current,62,1,0,l4,,49.2495186085149,-123.234910837642,{3E9CCB39-93D3-4F73-A589-19DE7E78FC6A}
AD-91,011,Acadia Park Residence,Acadia Park,Acadia/Fairview Commonsblock ,Student Family Housing,,,Current,208.2,1,0,l3,,49.2627139458229,-123.237289103319,{A009A7EF-75F2-4F20-8083-86D8D737910B}
AD-121,112,Brock Hall  ,Brock Hall  ,Student Services and Welcome Centre,<Null>,,BRCK,Current,118.2,1,1,l1,,49.2685182962093,-123.251855832508,{D81F24FF-CD9A-426B-A257-DD429AEE18DB}
AD-262,768,Building Operations Nursery,Building Ops Nursery,Plant Operations Greenhouses,<Null>,,,Current,0.3,1,0,l2,,49.2442292130908,-123.228867741233,{E4C1D238-1B4C-425C-B02B-EB7D9160C5F9}
AD-202,478,C. K. Choi Building for the Institute of Asian Research,Choi Building,<Null>,<Null>,,CHOI,Current,203.1,1,1,l2,,49.2672387462175,-123.257828255415,{BF48854D-D4F8-47DA-AB32-2B8439167F20}
AD-213,521,Campus Energy Centre,CEC,,,,,Current,298.2,1,0,l1,,49.2618038618894,-123.245282670686,{15825002-E182-4E82-96A4-9308EC0407FA}
AD-180,420,Cecil Green Park House,Cecil Green Park,,,,,Current,90.2,1,0,attraction,,49.2713353863899,-123.257723753811,{B72CD840-CE69-4108-BB26-4F81B38816B0}
AD-124,130,Chan Centre for the Performing Arts,Chan Centre,<Null>,,,CHAN,Current,28.2,1,1,attraction,,49.2693895272902,-123.255605026188,{3A124316-3E51-4F84-AE45-A08E08A8F8C1}
AD-238,606,Technology Enterprise Facility 3 ,TEF3,,,TEF3,,Current,298.2,1,0,l2,,49.2614311808536,-123.246242679128,{E878159F-5131-48B0-BDE8-26A46B470AF7}
AD-13,506-2,Wyndham Hall,Wyndham Hall,Hampton Place Lot 7-2 ,,,,Current,183.9,1,0,l3,,49.2593636743863,-123.233997753717,{5ED950D7-AF21-40BE-89D4-CC3A9AE0433A}
AD-182,428,War Memorial Gymnasium,War Memorial,Gym,,,MGYM,Current,118.2,0,0,attraction,,49.2665266939943,-123.247983159688,{10E4B9F5-545E-4E66-9051-BF9636A9C97D}
AD-178,402,Earth and Ocean Sciences ,EOS,EOS Main,,EOS,EOSM,Current,208.2,1,0,attraction,,49.2625485168998,-123.25228204118,{F353B4ED-CE04-4266-B14B-52A16FBA897E}
AD-167,353,Forest Sciences Centre,Forest Sciences,<Null>,,,FSC,Current,344.4,1,0,l1,,49.2604736051767,-123.248813679524,{C3445B60-E1DA-4547-87F2-513F3CADF99A}
AD-16,508,The Balmoral,Balmoral,Hampton Place Lot 9,,,,Current,349.3,1,0,l3,,49.2584511664864,-123.232971405767,{191AB891-2367-4901-93F4-42EEB4B849D3}
AD-21,553,Fraser Hall,Fraser Hall,,,,,Current,28.2,1,0,l3,,49.2614741707409,-123.240749930437,{A71798A9-A7C1-4305-82EF-2B08DD75F063}
AD-292,865-1,Ponderosa Office Annex A,Ponderosa A,,,,PONA,Current,118.2,1,0,l2,,49.2652058850094,-123.256207806275,{DB9AF04B-5961-4DBE-8D52-F6959778FB9A}
AD-216,523-3,Medical Sciences Block C,Medical Sciences,,,,MEDC,Current,118.2,1,0,l2,,49.2650089706547,-123.247552257801,{F43A84EA-2C11-4149-9E86-60F4209C0F67}
AD-171,376,Frederic Wood Theatre,Wood Theatre,Freddy Wood,<Null>,,FRWO,Current,298.2,1,0,attraction,,49.2682214131829,-123.256763246415,{63369D16-4612-438E-90C1-BDED71B0355E}
AD-227,569,Gerald McGavin Building,McGavin Building,,,,,Current,28.2,1,0,l2,,49.2616351108866,-123.246825973139,{4A101B58-B50A-4215-AD1E-272230919825}
AD-255,305,Earthquake Engineering Research Facility,EERF,,,EERF,,Current,208.2,1,0,l2,,49.2635098863156,-123.248842946807,{DFF282FC-25BC-4C09-808C-B4FFF3434B08}
AD-5,418,Green College,Green College,Adminstration Building F,,,,Current,173.2,1,0,l3,,49.2710486289231,-123.256338491832,{694C5C69-F1EC-41D5-A120-F196691CA8BE}
AD-108,051,The Barn,Barn,Owl childcare,<Null>,,,Current,298.2,1,1,l2,,49.2620064884508,-123.251183821892,{D5725EFC-2C79-4F7A-AA35-4B5D7B23191E}
AD-187,445,Hillel House - Diamond Foundation Centre for Jewish Campus Life,Hillel House,<Null>,,,,Current,118.2,1,0,l2,,49.2684824701027,-123.251288178475,{3798430D-A3AF-4C7A-A8FC-8F0E1C1733E3}
AD-210,516,Irving K. Barber Learning Centre,IK Barber,Ike Barber,<Null>,,IBLC,Current,208.2,1,1,l1,,49.2676230837496,-123.252383181453,{125082C7-EAE8-4933-A6DD-C97166A1FA04}
AD-197,463,Hospital,Hospital,Koerner Pavilion,Urgent Care,,ACU,Current,208.2,1,1,l1,,49.2641206716226,-123.245521162797,{6AD00031-5673-49A0-993B-6345589838A7}
AD-96,021,Landscape Architecture Annex,Landscape Architecture,,,,TT21,Current,208.2,0,0,l2,,49.2606256475514,-123.249975210309,{6FB1C834-C4A1-4568-BECC-B41A42C0DFBA}
AD-226,568,Morris and Helen Belkin Art Gallery,Belkin Art Gallery,<Null>,<Null>,,,Current,208.2,1,1,attraction,,49.2682481044695,-123.256288897491,{8D352F06-E968-422C-8FD5-0E9384FDF88F}
AD-228,570,Museum of Anthropology,MOA,<Null>,,MOA,MUSM,Current,158.2,1,1,attraction,,49.2691326140825,-123.259297770056,{79BF361B-920D-4F7B-9C56-87DBA9D4BC9F}
AD-93,017,Old Administration Building,Old Admin,,,,,Current,298.2,1,0,l2,,49.2672558918544,-123.255517013339,{3E30C891-C43B-4B8C-9BA3-A970CD040A2F}
AD-24,557,Orchard Commons,Orchard Commons,,,,,Future,28.2,1,1,l1,,49.2600719119959,-123.250932354299,{3CA4DBE0-6C51-4912-AE33-3870F52E8A8D}
AD-166,345,Peter Wall Institute for Advanced Studies,PWIAS,Peter Wall Institute,,,,Current,118.2,1,1,l2,,49.2689071827501,-123.256772960702,{13E5009A-58F1-405C-8A23-9A9BF565EF88}
AD-68,745,Ritsumeikan-UBC House,Ritsumeikan,,<Null>,Rits House,RITS,Current,298.2,1,1,l3,,49.2602819777572,-123.253121481915,{040F637E-FBD9-437C-BAA5-CF8EC6A1F6BC}
AD-49,689,The Mews,Mews,,,,,Current,208.2,1,0,l3,,49.2545908636354,-123.235551542257,{5A6CA09F-6B72-4E43-9288-238347B94C59}
AD-157,308,The Leonard S. Klinck Building,Klinck,<Null>,<Null>,,LSK,Current,298.2,1,0,l2,,49.2656436740148,-123.255214039144,{235A3387-A288-4F1C-9D26-DC888E89B3B2}
AD-17,509,The Pemberley,The Pemberley,Hampton Place Lot 10 ,,,,Current,28.2,1,0,l3,,49.2578925708796,-123.232514325571,{38E60E39-9777-46D2-8C7E-41805FF810AC}
AD-103,036,Theatre-Film Production Building,Theatre-Film,,,,TFPB,Current,208.2,0,0,l2,,49.2639386938607,-123.253823686154,{A0728C44-A0D0-42DC-B9C3-3EFC94B5BDC8}
AD-179,408,Thea Koerner House,Thea Koerner House,Graduate Student Centre,GSS,,,Current,118.2,1,0,l1,,49.2685475641279,-123.257697029844,{E44CF0E3-BC7C-4B29-B668-F47D50E49110}
AD-70,782,Thunderbird Residence,Thunderbird Residence,Thunderbird Commonsblock,,,,Current,208.2,1,0,l3,,49.2593349654714,-123.249171908094,{6EF160FA-E5E3-4DE0-B87E-4EC4B2D7F85D}
AD-269,785,Thunderbird Stadium,Thunderbird Stadium,David Sidoo Field,,,STAD,Current,208.2,1,0,attraction,,49.2548383595842,-123.244355634603,{EBD29987-FB3A-441C-825B-91BB493CC609}
AD-283,854,TRIUMF - Canada's National Laboratory For Particle and Nuclear Physics,TRIUMF,<Null>,,TRIUMF,,Current,10.3,1,0,attraction,,49.2472858860804,-123.230277049022,{ADE0AAE8-9D93-4C5F-A331-BAC163CADDD4}
AD-120,099,UBC Botanical Garden and Centre for Plant Research,Botanical Garden,Gate House,<Null>,,,Current,348.8,1,0,attraction,,49.2540459890939,-123.250620252279,{A49DBA64-343C-48C2-9263-BD87576A235A}
AD-231,585,UBC Research Ponds,Research Ponds,,,,,Current,152.1,1,0,l2,,49.2471970136245,-123.232691629116,{E4E73567-79C5-4699-9D54-0C67DC0119C2}
AD-24,557,UBC Vantage College,Vantage College,Orchard Commons,,,,Future,28.2,1,1,l1,,49.2600883802334,-123.250885647502,{260F2CDC-AC00-4A26-B8B5-3843FBE51EFD}
AD-31,590,University Hill Secondary School,U Hill Secondary,High school,,,,Current,28.2,1,0,l1,,49.253871563592,-123.239759688013,{DA6DF28E-602C-4B68-8A69-029806D79091}
AD-297,869-1,Walter H. Gage Residence ,Gage Residence,Walter H. Gage Residence Commonsblock,,Gage,,Current,118.2,1,1,l3,,49.2694359756192,-123.249617466607,{BBDA5A93-1338-40AA-873B-30AE28893DF0}
AD-81,841,Westpoint,Westpoint,,,,,Current,118.2,1,0,l3,,49.2700908295877,-123.25060678882,{2A2CB383-3BEC-478F-8821-48D281DCBE37}
AD-174,385,Wood Drying Laboratory,Wood Drying Lab,,,,,Current,28.2,1,0,l2,,49.2614907940714,-123.252305206693,{8A29F5A0-71F9-4C46-98F3-DC9AFB1E4DBD}
AD-104,044,Old Auditorium,Old Aud,,,,AUDI,Current,208.2,1,0,attraction,,49.2669960834184,-123.255824220103,{B4997B2C-37F4-4C5F-B35A-75C7A93A3354}
AD-273,795,AMS Nest,AMS Nest,<Null>,Nest,,,Current,28.2,1,0,attraction,,49.2663422632048,-123.249984792692,{4DC80AD8-8852-4C3F-B95F-93E2412619B5}
AD-272,792,North Parkade,North Parkade,,,,,Current,118.2,1,0,parkade,,49.2688059696241,-123.250490570653,{25CB23AF-15B8-416D-88D4-2CAB80196648}
AD-224,551,Thunderbird Parkade,Thunderbird Parkade,,,,,Current,118.2,1,0,parkade,,49.2611432050817,-123.243431372175,{81E18E1F-E3F9-4EDC-B7E8-FF710CF94DDD}
AD-172,377-3,Marine Drive Residence ,Marine Drive Residence ,Marine Drive Commonsblock,Building 3,MDR3,,Current,208.2,1,0,l3,,49.2615012362972,-123.256521961635,{FAB1B33D-BA8A-4B81-B9FF-6AA16FE32B5B}
AD-116,081,UBC Bookstore,Bookstore,UBC Bookstore,,,,Current,208.2,1,0,attraction,,49.265251265189,-123.250422256626,{DC467852-44F6-4B9F-91B9-3C1E370C8214}
AD-217,527,Pharmaceutical Sciences Building,Pharmacy,,,,PHRM,Current,208.2,1,,l1,,49.2625841908646,-123.242774958473,{31456964-2B69-4CAD-838D-2EB6E2169EAA}
AD-203,482,Allard Hall,Allard Hall,Peter A. Allard School of Law ,<Null>,LAW,ALRD,Current,28.2,1,0,l1,,49.2698528589019,-123.253610011337,{5FAA88DA-545F-46DD-AFFD-E80924A43999}
AD-489,628,Nine on the Park,Nine on the Park,,,,,Current,28.2,1,,l3,,49.259107040442,-123.246985294022,{FEF8069D-C6E7-438A-8A5F-30097F1A9054}
AD-450,620,Logan Lane,Logan Lane,,,,,Current,298.2,1,,l3,,49.2593171974666,-123.245586497208,{063F7F99-D16D-449C-BCB5-979F031ECF94}
AD-515,622,Somerset,Somerset,,,,,Current,28.2,1,,l3,,49.2560631313948,-123.248375165309,{03A06F8D-2415-4001-A81F-F916C3B905E7}
AD-418,618,Hawthorn Green,Hawthorn Green,,,,,Current,298.2,1,,l3,,49.2583130062875,-123.248378643543,{B00BCED7-1852-4916-BBD9-2B86AF3F7DE6}
AD-75,818,Stirling House,Stirling House,,,,,Current,298.2,1,0,l3,,49.2705509549623,-123.252500805196,{605B5478-C7F4-4554-8BBA-C237AA7D815F}
AD-280,832-2,Coast,Coast,,,,,Current,118.2,0,0,l3,,49.2708443015834,-123.252459055388,{B74B05D9-DDB3-4FD1-8B66-D8E08CA109BB}
AD-71,802,Chapel of Epiphany,Chapel of Epiphany,Vancouver School of Theology,,,,Current,118.2,1,0,l3,,49.2714285063848,-123.252295363339,{BF08B56B-651D-440D-A75A-E469382B3EAF}
AD-223,540-1,Totem Park Residence ,Totem Park Residence ,Totem Park Commonsblock,,,,Current,118.2,1,0,l3,,49.2577991211143,-123.252829973027,{CF4DB0CF-1A25-4618-A467-4D3DF75C9486}
AD-243,633,Centre for Interactive Research on Sustainability,CIRS,,,CIRS,CIRS,Current,28.2,1,0,l1,,49.2619502468108,-123.253147682525,{513413D8-B7D9-4B95-B86B-1C191368A8CC}
AD-94,019,Bioenergy Research and Demonstration Facility,Bioenergy Research,<Null>,<Null>,BRDF,,Current,298.2,1,0,l1,,49.2603099213069,-123.254181506346,{C85A9174-B5AD-44B2-9563-8482D69BD999}
AD-85,905,Ponderosa Commons,Ponderosa Commons,Cedar House,<Null>,,,Current,118.2,1,0,l3,,49.2642535972582,-123.256067953966,{95197B0B-8618-4A83-9D7F-77C1070FB07C}
AD-303,903,Audain Art Centre,Audain Art Centre,,,,,Current,298.2,1,0,l1,,49.2638932495134,-123.254700291833,{3696654D-FFAF-40E0-9792-F0F88526E7EC}
AD-220,473,P. A. Woodward Instructional Resources Centre,Woodward IRC,Faculty of Medicine,<Null>,IRC,WOOD,Current,298.2,1,1,l2,MainAccessible,49.2649566570891,-123.24683586585,{0EA8AA22-8251-4FDD-A063-D874F990415B}
AD-204,490,David Lam,David Lam,<Null>,,,DLAM,Current,208.2,1,1,l2,,49.2656816538656,-123.254071106012,{A9ED03CC-B0FB-46C1-AA66-92347C241A4B}
AD-117,081-2,Networks of Centres of Excellence,NCE,,,NCE,,Current,208.2,1,0,l2,,49.2650126343615,-123.250260111215,{116133BF-991C-4C4E-851C-9F40A19FE02B}
AD-193,456,Horticulture Building,Horticulture,Greenhouse,,,GREN,Current,298.2,1,0,l2,,49.2615424948782,-123.252898963716,{7431D575-6C5B-48E1-B713-AFFD4F6B5670}
AD-249,652,Hennings Building,Hennings,,,,HENN,Current,298.2,0,0,l2,,49.2666470459818,-123.25235549829,{F49363AF-E430-4C7B-840E-8A7B8A24A9C3}
AD-131,165,Institute for Computing Information and Cognitive Systems / Computer Science,ICICS/CS,<Null>,<Null>,ICICS,ICCS,Current,28.2,1,0,l2,,49.2610939332562,-123.249311647333,{EE455D6C-2D13-4480-AF1F-399AB56DFB2C}
AD-298,871-2,Ponderosa Office Annex E,Ponderosa E,,,,PONE,Current,208.2,1,0,l2,,49.2647032440036,-123.256770277695,{2905BB39-3169-48D5-8939-EF47AEE7244C}
AD-98,023,Henry Angus Building,Henry Angus,Sauder School of Business,,Sauder,ANGU,Current,208.2,1,0,l1,,49.2650529432506,-123.253537547588,{1B8A85FA-6659-43A5-B0EB-E1C8FD865F0A}
AD-4,215,Central,Site B,,,,,Future,118.2,1,,l3,,49.2662926361483,-123.247000793128,{186842BD-21A9-4518-84C4-F00F1511D0D0}
AD-186,437,UBC Stadium Academic Centre,Stadium Centre,,,,,Current,231.4,1,0,l2,,49.2552657719607,-123.244935695602,{F5303F35-99B3-4ECF-A60B-7F72B23AFBDE}
AD-244,635,St. John Hospice,Hospice,,,,,Current,118.2,1,0,l2,,49.2553190711809,-123.247229431456,{759190F0-4B0C-4233-AF1F-820D857773DC}
AD-308,862,UBC Baseball Indoor Training Centre,Baseball Training Centre,,,,,Current,298.2,1,1,l2,,49.256402994064,-123.239787207672,{77020579-4C2A-46E7-8CD2-EF07DF83CCE3}
AD-51,691,Village Square,Wesbrook Lot E,,,,,Future,298.2,,,l3,,49.2539069639258,-123.236772957588,{81AE5D2E-E869-4A7D-BAF5-6972408E923F}
AD-35,598,Binning Tower,Binning,,,,,Future,266.1,1,0,l3,,49.2555009004767,-123.231217672691,{F58F6DE3-4BAB-47DF-925A-FA23EBE21088}
AD-313,,Eton,Eton,Wesbrook Lot 15,,,,Future,100.9,1,0,l3,,49.2534547879462,-123.230360858766,{42B428D5-8930-4844-9FA5-C99737C7DE05}
AD-310,718,Virtuoso,Virtuoso,Wesbrook Lot 23,,,,Future,294.5,1,0,l3,,49.2509482475716,-123.234255983225,{C5C1748A-5CAF-48AE-9735-3E0D367904AD}
AD-311,715,Pine House,Pine House,Wesbrook Lot 27,,,,Future,101.4,1,0,l3,,49.2512302913901,-123.234276367173,{9903988B-4A01-4E78-8D68-85E9B7AFA0B8}
AD-312,714,Cypress House,Cypress House,Wesbrook Lot 29,,,,Future,306.9,1,0,l3,,49.2519959487544,-123.234847381492,{74B4BDB4-8711-4C9A-83D5-E2273E3411CA}
AD-233,589-1,The Laureates,Laureates,Laureates 1,,,,Future,266.1,1,0,l3,,49.2542061114943,-123.230914354775,{E9A625F4-E3F0-49AA-886C-00965C60890F}
AD-52,693,Webber House,Webber House,,,,,Future,28.2,1,0,l3,,49.2532030633135,-123.236887256034,{2ED79BAC-A583-4131-BBB4-CFA652EA0DBE}
AD-59,705,Sail,Sail,Sail 1,,,,Current,140.3,1,0,l3,,49.2523092935902,-123.234789206456,{C91D9F76-1A6B-4E6C-B397-3537A8A8724E}
AD-32,594,The Wesbrook,The Wesbrook,Wesbrook Lot 1,,,,Current,298.2,1,0,l3,,49.2551779948536,-123.234667887987,{4AFDF5E7-2B45-4E36-B5A5-A2AFFA784092}
AD-28,587,Keenleyside,Keenleyside,,,,,Current,298.2,1,0,l3,,49.2540199346508,-123.233147953109,{14BBA6AA-86D4-483C-85F8-7C9F3A4008FE}
AD-276,595,Sage,Sage,,,,,Current,298.2,1,0,l3,,49.255394863563,-123.233782668869,{0B05F357-6F84-4C3B-999A-754A76BB775B}
AD-29,588-2,Pathways,Pathways,Pathways II East,,,,Current,93.8,1,0,l3,,49.2545152643678,-123.2328418567,{D29775D5-8608-41EE-ADC7-B627C7BA43C8}
AD-11,504,The Chatham,The Chatham,Hampton Place Lot 5 ,,,,Current,76.5,1,0,l3,,49.2585579440895,-123.236135159465,{5E89F4EE-8985-4037-A227-76132D5D084D}
AD-112,670,UBC Farm,Plant Science Field Building,,,,,Current,338.2,0,0,attraction,,49.2507708271026,-123.237993635873,{0898E998-7076-4468-8E65-65C47C577248}
AD-245,638,South Campus Warehouse,SC Warehouse,,,,,Current,332.3,1,0,l2,,49.246346860644,-123.232168147048,{BE03790C-D0F6-476C-8D02-32C6C441660B}
,769,Library Preservation Archives,Library PARC,<Null>,,,,Current,114.1,1,0,l2,,49.2449462232879,-123.229830052487,{044567F3-6C7A-430D-8F8E-353785755F13}
AD-261,766,Staging Environmental Research Centre,SERC,,,SERC,,Current,25.5,1,0,l2,,49.2453820879258,-123.228116677121,{3AA66839-D1F6-4A3B-A7C9-747D67FC57AF}
AD-234,591,NRC Institute for Fuel Cell Innovation,NRC,,,NRC Institute,,Current,319.4,1,0,l2,,49.2453606460539,-123.232560177671,{CE315132-C9D3-4D79-950C-8B8B9BAA0D55}
AD-110,057,Centre for Comparative Medicine,CCM,,,,,Current,64.3,1,0,l2,,49.2463031143176,-123.233063769315,{7EF09D5C-6510-4A4A-A73A-5CC63F2A7AFA}
AD-277,690,Wesbrook Professional Centre,Wesbrook Centre,,,,,Current,208.2,1,0,l2,,49.2545916058912,-123.23627877255,{EE0A1B6F-0FD9-4A73-B85B-8626EA8955CC}
AD-185,434,Gerald McGavin Rugby Centre,Rugby Centre,<Null>,,,,Current,298.2,1,0,l2,,49.2596152870076,-123.241321619636,{A90400C1-467C-4357-A7D0-1A7F9C403278}
AD-43,627,Old Barn Community Centre,Old Barn,,,,,Current,208.2,1,0,l1,,49.2590137983707,-123.248274303761,{7FCC7DBC-5F27-4A33-ABCE-1F01AD924818}
AD-274,797,Robert H. Lee Alumni Centre,Alumni Centre,,,ALUMNI,,Current,78.2,1,0,l1,,49.2658633457433,-123.249875730584,{69B65A4D-BEBC-4E8E-8753-CC2A28F935A9}
AD-26,584,Spirit,Spirit,,,,,Current,17.4,1,0,l3,,49.2528278498059,-123.233751165123,{B425D780-BE1D-4950-B2FA-B873794EC30F}
